"perguntaId";"QUANT_ENTIDADE_COMUM_TAG";"QUANT_TAG";"QUANT_ENTIDADE"
"1_898";0;3;0
"1_9993";0;2;2
"1_8701";0;5;0
"1_10002";0;1;0
"1_9988";0;2;0
"1_10012";0;1;0
"1_10009";0;5;20
"1_9991";1;4;4
"1_5668";0;3;0
"1_8499";0;4;0
"1_10022";0;2;0
"1_10026";0;4;0
"1_510";2;5;25
"1_10029";0;3;0
"1_2477";0;3;0
"1_10032";0;1;0
"1_10042";1;4;30
"1_10041";0;3;0
"1_10040";0;1;0
"1_10046";0;5;19
"1_10050";1;5;48
"1_10051";0;3;0
"1_10020";0;4;0
"1_1004";0;2;0
"1_10060";0;2;0
"1_10062";0;3;0
"1_10067";0;2;0
"1_1005";0;2;0
"1_10037";0;3;13
"1_10075";0;1;0
"1_8540";0;3;0
"1_9911";1;1;2
"1_10082";0;3;0
"1_10090";0;4;0
"1_10102";0;4;0
"1_992";0;3;3
"1_10120";0;3;0
"1_5587";0;2;0
"1_10125";0;2;0
"1_10109";0;4;0
"1_10135";0;1;0
"1_9830";0;2;0
"1_963";0;2;2
"1_10162";0;2;0
"1_10146";0;5;0
"1_10170";0;4;0
"1_10169";2;5;11
"1_10174";0;1;0
"1_10186";0;3;0
"1_10194";0;3;0
"1_1008";0;1;12
"1_10211";0;3;5
"1_10227";0;1;0
"1_10229";0;1;0
"1_9183";0;5;9
"1_10243";0;3;0
"1_10245";0;2;0
"1_10213";0;4;27
"1_9992";0;4;3
"1_10210";0;3;6
"1_10244";0;3;0
"1_10256";0;2;0
"1_10252";0;1;0
"1_10265";0;5;0
"1_10268";0;2;0
"1_10277";0;3;24
"1_10279";0;3;0
"1_10276";0;2;0
"1_10264";1;3;16
"1_10285";0;1;11
"1_10294";0;1;0
"1_1025";0;3;0
"1_10297";0;1;0
"1_10301";0;1;0
"1_10291";0;2;9
"1_10313";0;2;9
"1_10317";0;1;0
"1_10316";0;3;0
"1_10322";1;3;12
"1_10325";2;3;9
"1_10337";0;3;0
"1_10346";0;5;0
"1_10331";0;2;0
"1_10319";0;2;0
"1_10365";1;5;32
"1_10373";0;2;0
"1_10375";0;2;0
"1_10376";0;1;0
"1_10379";0;2;0
"1_10364";0;1;0
"1_10351";0;4;0
"1_1026";0;3;0
"1_10402";0;3;42
"1_10404";0;3;0
"1_10414";0;1;0
"1_10412";1;3;8
"1_10407";0;2;0
"1_1041";0;3;0
"1_10422";0;2;0
"1_10421";0;3;0
"1_1018";0;3;0
"1_10429";0;2;0
"1_10430";0;1;0
"1_10434";1;3;10
"1_10284";0;2;19
"1_10436";0;2;0
"1_10443";0;3;0
"1_10441";0;1;0
"1_10409";0;3;0
"1_10446";0;2;0
"1_10442";1;3;11
"1_10462";1;3;9
"1_10466";0;2;0
"1_10455";0;4;0
"1_1038";0;1;0
"1_10468";0;2;0
"1_10472";0;2;0
"1_10477";0;3;0
"1_10479";0;2;0
"1_10475";0;1;0
"1_10492";0;2;0
"1_417";1;3;21
"1_10497";0;3;0
"1_10500";0;1;0
"1_10493";1;2;16
"1_5589";0;3;0
"1_1051";0;3;0
"1_9941";0;1;0
"1_10515";0;1;0
"1_10527";0;2;0
"1_10531";0;1;0
"1_10530";0;1;0
"1_10523";0;2;0
"1_10522";1;3;24
"1_8554";0;2;9
"1_10539";0;2;0
"1_10544";2;4;29
"1_10550";0;2;0
"1_10551";0;3;0
"1_10562";0;2;0
"1_10548";0;1;0
"1_10565";0;5;0
"1_10557";0;3;0
"1_3278";0;1;0
"1_10549";0;2;0
"1_10579";0;4;0
"1_10583";0;3;0
"1_1057";0;2;0
"1_10602";0;1;0
"1_10615";0;3;0
"1_10619";0;1;0
"1_1062";0;2;26
"1_9338";0;2;0
"1_10599";0;2;0
"1_10584";0;1;0
"1_1064";0;2;0
"1_10656";0;1;0
"1_10645";0;1;17
"1_10651";0;1;11
"1_10664";0;2;0
"1_10662";0;2;0
"1_10675";0;1;0
"1_10683";0;1;0
"1_10684";0;2;0
"1_10696";0;2;0
"1_10692";0;3;0
"1_10688";0;4;0
"1_10707";0;1;0
"1_10710";0;2;0
"1_10643";1;4;18
"1_10717";0;4;0
"1_10720";0;2;0
"1_10722";0;1;0
"1_1072";0;5;0
"1_10737";0;2;0
"1_10744";0;3;0
"1_5170";0;2;0
"1_10742";0;2;12
"1_10746";0;4;0
"1_1070";0;1;23
"1_10764";1;5;55
"1_10762";0;2;0
"1_951";0;2;0
"1_10772";0;3;0
"1_10771";0;2;59
"1_10679";0;3;30
"1_10738";0;3;26
"1_10789";0;1;0
"1_10797";0;2;0
"1_1071";0;2;0
"1_10805";0;4;22
"1_10804";0;2;0
"1_10808";0;1;0
"1_10802";0;2;0
"1_10803";0;2;0
"1_10816";0;3;0
"1_10821";0;3;0
"1_10822";0;3;0
"1_10819";0;2;0
"1_10829";0;2;0
"1_10830";0;2;0
"1_10841";0;1;0
"1_10846";1;5;7
"1_10845";1;4;11
"1_10853";1;3;15
"1_10854";0;1;0
"1_10862";1;4;13
"1_10863";0;2;0
"1_1086";0;1;9
"1_10843";0;2;0
"1_10885";3;5;7
"1_10887";0;2;0
"1_10880";0;2;0
"1_10891";0;4;0
"1_10899";0;1;0
"1_10901";0;2;0
"1_1090";0;3;0
"1_10906";0;1;9
"1_10904";0;1;17
"1_10917";1;3;9
"1_7871";0;4;22
"1_10923";2;3;31
"1_10882";0;2;0
"1_10934";0;5;0
"1_10894";0;3;36
"1_1089";0;2;0
"1_10938";0;1;0
"1_10946";0;1;0
"1_10959";0;3;0
"1_10958";0;2;0
"1_10217";0;1;0
"1_2109";0;2;27
"1_10971";0;4;5
"1_10968";0;1;0
"1_1069";0;1;0
"1_10936";1;2;12
"1_10970";3;5;36
"1_10987";0;1;0
"1_10992";0;2;9
"1_546";0;1;0
"1_10905";0;2;0
"1_10999";0;2;0
"1_11009";0;1;0
"1_11011";0;1;36
"1_11015";0;2;2
"1_11014";0;3;9
"1_1101";0;1;0
"1_11038";0;1;0
"1_11045";0;2;0
"1_11013";0;4;11
"1_11049";0;4;0
"1_11051";0;1;0
"1_11043";0;2;0
"1_11059";0;2;0
"1_11028";0;3;0
"1_11044";0;3;0
"1_16";0;2;12
"1_11072";1;3;35
"1_11074";0;2;0
"1_11075";0;1;0
"1_1103";0;1;11
"1_11070";0;1;0
"1_2232";0;3;0
"1_9223";0;1;5
"1_11058";0;1;0
"1_11089";1;3;26
"1_11091";1;3;22
"1_1106";0;1;0
"1_11100";0;3;9
"1_11099";0;4;20
"1_11108";0;2;0
"1_11107";0;3;0
"1_11121";0;1;0
"1_11102";0;2;0
"1_11131";0;2;0
"1_11097";0;1;0
"1_11133";0;3;3
"1_11145";0;2;0
"1_11138";0;2;0
"1_11135";0;3;12
"1_11160";0;3;0
"1_11158";0;3;0
"1_11169";0;4;0
"1_11173";0;1;0
"1_11180";0;3;0
"1_11190";0;4;0
"1_11186";0;1;0
"1_11189";0;3;0
"1_11171";0;2;0
"1_11199";0;1;0
"1_11216";0;1;0
"1_11218";0;5;0
"1_11219";0;2;0
"1_11223";0;2;0
"1_1112";0;2;0
"1_11230";0;2;0
"1_11235";0;1;0
"1_11240";0;2;0
"1_11242";0;1;0
"1_11246";0;3;0
"1_11156";0;2;0
"1_11254";0;2;0
"1_11261";0;3;0
"1_169";1;3;39
"1_11270";0;4;0
"1_1126";0;2;0
"1_11263";0;2;0
"1_11276";0;2;0
"1_11266";0;1;0
"1_11268";0;1;0
"1_11244";0;2;0
"1_11291";0;2;10
"1_11317";0;2;0
"1_11313";0;2;0
"1_11326";0;2;0
"1_11328";0;2;0
"1_11330";0;3;0
"1_1134";1;3;20
"1_11343";0;2;0
"1_10986";0;4;0
"1_11357";0;3;0
"1_10380";0;3;0
"1_11361";0;3;0
"1_11373";0;2;0
"1_11377";0;3;0
"1_11383";0;5;7
"1_1130";0;1;16
"1_1099";0;1;0
"1_1100";0;1;0
"1_1133";0;2;0
"1_121";0;3;14
"1_1152";0;1;52
"1_1084";0;3;36
"1_1138";0;3;0
"1_1157";0;2;0
"1_1167";0;3;38
"1_1136";0;2;0
"1_931";0;1;0
"1_1170";1;4;30
"1_859";0;1;21
"1_1180";0;5;0
"1_6";1;3;22
"1_1074";0;1;0
"1_1188";0;3;0
"1_1181";0;2;8
"1_1164";0;3;10
"1_1186";1;3;30
"1_1217";0;1;0
"1_1216";0;1;0
"1_1220";0;3;29
"1_1224";0;1;0
"1_1228";0;1;22
"1_1176";0;1;14
"1_973";1;3;1
"1_1214";0;1;12
"1_11397";0;3;0
"1_11402";0;1;0
"1_1221";0;1;28
"1_1244";0;1;18
"1_175";0;1;0
"1_1254";0;2;17
"1_1242";0;2;0
"1_1259";1;2;19
"1_1208";0;3;0
"1_23";0;2;0
"1_1266";0;2;0
"1_1264";0;3;0
"1_1280";0;3;22
"1_1278";1;3;35
"1_1281";0;1;0
"1_1179";0;3;0
"1_9";0;1;0
"1_1247";0;2;18
"1_1027";0;3;0
"1_1304";0;1;0
"1_1310";0;3;0
"1_1294";0;2;0
"1_1314";0;1;0
"1_1317";0;2;0
"1_1289";0;2;0
"1_1326";0;3;0
"1_1328";0;2;20
"1_1311";0;2;0
"1_1336";0;2;0
"1_11323";2;4;35
"1_13415";0;1;0
"1_13412";0;2;0
"1_13418";0;1;0
"1_13425";0;4;0
"1_13430";0;2;16
"1_13444";0;2;0
"1_13446";0;3;0
"1_13440";0;3;0
"1_13433";1;2;10
"1_13448";0;3;27
"1_13432";2;4;49
"1_13459";0;1;0
"1_13472";0;2;9
"1_13471";0;1;8
"1_13476";0;3;0
"1_13479";0;1;0
"1_13468";0;1;0
"1_13475";0;2;0
"1_9427";0;3;0
"1_1348";0;4;0
"1_13489";0;2;7
"1_13470";0;4;0
"1_11217";0;3;0
"1_13486";0;2;5
"1_13502";0;1;0
"1_13454";0;3;19
"1_13501";0;3;28
"1_1350";0;2;0
"1_13509";2;4;9
"1_13520";1;4;13
"1_13518";0;4;0
"1_13523";0;3;0
"1_13525";0;3;0
"1_13536";1;4;11
"1_13506";0;1;0
"1_13542";0;2;0
"1_13546";0;2;0
"1_13551";0;2;7
"1_13547";0;1;0
"1_13556";0;5;0
"1_13562";0;2;0
"1_13566";0;2;0
"1_13565";0;3;0
"1_13569";0;1;0
"1_13584";0;1;0
"1_9774";0;2;0
"1_1198";2;2;38
"1_13591";0;1;0
"1_13595";0;2;0
"1_1345";0;2;0
"1_13608";0;4;0
"1_1352";0;3;0
"1_13607";0;4;0
"1_13606";0;2;0
"1_13625";0;1;0
"1_13631";0;1;0
"1_13610";0;1;0
"1_13574";0;2;0
"1_13641";1;3;26
"1_13645";0;1;0
"1_13651";0;1;0
"1_13643";0;1;0
"1_13648";0;2;0
"1_13660";0;2;0
"1_13664";0;5;0
"1_13669";0;1;0
"1_13673";0;3;0
"1_13628";0;2;20
"1_13665";0;5;0
"1_13680";0;4;0
"1_13675";0;4;41
"1_13687";0;1;0
"1_13695";0;5;0
"1_13700";0;5;0
"1_13707";0;1;9
"1_13672";0;3;0
"1_13703";0;3;0
"1_1372";0;4;0
"1_13729";0;4;0
"1_1371";0;3;0
"1_13745";0;5;0
"1_13740";0;2;0
"1_13735";0;3;0
"1_13713";0;2;0
"1_13766";0;2;0
"1_13785";0;3;0
"1_13792";0;2;0
"1_1375";0;3;0
"1_13801";0;1;0
"1_13803";0;2;0
"1_1362";0;3;0
"1_10945";1;4;60
"1_13825";0;2;0
"1_13834";0;5;0
"1_13823";0;3;28
"1_13756";1;3;48
"1_1382";0;2;0
"1_13848";0;3;0
"1_13699";0;3;0
"1_13864";0;2;0
"1_13870";0;3;0
"1_13846";0;5;0
"1_13832";0;3;0
"1_13831";0;5;0
"1_13714";0;3;0
"1_13879";0;3;7
"1_13858";0;3;0
"1_13883";0;1;0
"1_13886";0;1;0
"1_13893";0;1;0
"1_13904";0;2;0
"1_13783";1;3;14
"1_13910";0;1;0
"1_13908";0;4;0
"1_5099";0;3;0
"1_13897";0;3;0
"1_13905";0;3;0
"1_13926";0;1;0
"1_1383";0;3;0
"1_13808";0;3;0
"1_13933";0;1;0
"1_13924";0;5;0
"1_13942";1;3;16
"1_1341";0;3;0
"1_13945";0;3;6
"1_13952";0;4;0
"1_13944";0;2;15
"1_13956";0;1;0
"1_13959";0;1;0
"1_13976";0;5;0
"1_13989";0;2;0
"1_13988";0;2;0
"1_1365";0;4;0
"1_14000";0;2;35
"1_13998";0;1;10
"1_14001";0;2;9
"1_14003";0;1;0
"1_1397";0;1;3
"1_13996";0;2;0
"1_1093";0;1;0
"1_14020";0;2;0
"1_13909";0;1;0
"1_14005";0;2;0
"1_14026";0;1;0
"1_1404";0;1;0
"1_14045";0;3;0
"1_13896";0;3;0
"1_14054";0;2;0
"1_14063";0;3;0
"1_14062";0;1;0
"1_14068";0;1;0
"1_14060";0;1;0
"1_13416";0;1;0
"1_14077";0;2;0
"1_14057";0;5;0
"1_8492";0;2;14
"1_14065";0;1;0
"1_14088";0;2;0
"1_854";0;1;0
"1_14090";0;3;0
"1_14094";1;3;14
"1_5211";0;3;25
"1_862";2;4;41
"1_14098";1;3;16
"1_14100";0;2;0
"1_14102";0;2;0
"1_14103";0;3;0
"1_14115";0;1;0
"1_14117";0;2;0
"1_14120";0;3;0
"1_14036";0;2;0
"1_14126";0;2;0
"1_14123";0;2;0
"1_1045";0;3;22
"1_14140";0;1;0
"1_14130";0;3;40
"1_13655";0;3;0
"1_14131";0;1;0
"1_14150";0;2;15
"1_14152";0;4;0
"1_14157";0;5;0
"1_14164";0;4;0
"1_14166";0;1;0
"1_1406";0;2;0
"1_14175";0;3;0
"1_14179";0;1;0
"1_14190";0;1;0
"1_14186";0;3;0
"1_14188";0;3;0
"1_1418";1;1;22
"1_14187";0;3;0
"1_14203";0;1;0
"1_14201";0;5;0
"1_1419";0;2;0
"1_14185";0;1;0
"1_14225";0;1;0
"1_14222";0;2;0
"1_1415";0;3;0
"1_14242";0;3;28
"1_14252";0;4;0
"1_14251";0;4;0
"1_14263";0;2;0
"1_1424";0;1;0
"1_14268";0;1;0
"1_14278";0;2;0
"1_14279";0;4;0
"1_14284";0;3;0
"1_14264";0;3;0
"1_14290";0;4;0
"1_9266";0;3;4
"1_14289";0;2;17
"1_7726";0;2;0
"1_14299";0;2;0
"1_14303";0;2;0
"1_14315";0;4;0
"1_14309";0;2;0
"1_1430";0;2;0
"1_14319";0;2;0
"1_14321";0;4;0
"1_14323";0;1;0
"1_14325";0;1;0
"1_1428";0;1;0
"1_13999";0;1;25
"1_14347";0;3;48
"1_14350";0;1;0
"1_11";0;3;0
"1_14355";0;2;27
"1_14357";0;5;0
"1_14334";1;5;42
"1_1435";0;4;0
"1_14368";0;4;0
"1_14370";0;1;42
"1_8183";0;2;0
"1_14377";0;1;0
"1_14327";0;3;0
"1_14390";0;2;0
"1_14389";0;2;0
"1_14248";0;2;0
"1_14392";0;2;0
"1_1439";0;3;0
"1_14398";0;3;0
"1_14385";0;3;9
"1_14388";0;3;18
"1_14414";0;2;0
"1_1442";0;1;0
"1_14424";0;2;0
"1_14434";0;3;0
"1_14442";0;1;0
"1_14217";0;5;29
"1_13715";0;5;0
"1_14472";0;3;0
"1_14484";0;1;0
"1_14486";0;1;0
"1_14481";1;5;19
"1_14275";0;5;86
"1_14488";0;2;0
"1_1445";0;1;0
"1_14493";0;2;0
"1_14504";0;1;0
"1_14501";0;1;0
"1_14496";0;2;0
"1_14513";0;4;0
"1_14518";0;3;0
"1_14521";0;4;0
"1_14532";0;2;0
"1_14535";0;2;0
"1_14529";0;1;0
"1_1446";0;1;0
"1_14543";0;2;0
"1_1452";0;2;0
"1_14551";0;3;0
"1_14554";2;4;40
"1_14563";0;3;0
"1_1448";0;1;0
"1_14562";0;1;0
"1_14577";0;4;0
"1_14590";0;3;11
"1_14595";1;2;13
"1_14597";0;1;0
"1_14600";0;3;8
"1_14594";0;5;0
"1_14621";0;2;7
"1_14624";1;2;12
"1_14617";0;2;8
"1_1462";0;1;0
"1_14634";0;4;0
"1_14638";0;1;0
"1_14635";0;1;0
"1_14645";0;2;0
"1_14651";0;4;0
"1_14657";0;4;0
"1_7652";0;4;0
"1_1466";0;3;0
"1_14668";0;3;21
"1_1434";0;2;0
"1_14681";0;3;13
"1_14688";0;1;0
"1_14696";0;1;0
"1_14701";0;1;0
"1_14705";1;5;14
"1_14718";0;1;0
"1_14729";0;2;0
"1_14734";0;1;0
"1_14736";0;4;0
"1_1470";0;2;0
"1_14560";0;5;0
"1_14753";0;1;19
"1_14755";0;2;0
"1_14749";0;4;0
"1_14763";0;3;0
"1_14767";0;2;0
"1_14766";0;2;0
"1_9125";0;2;0
"1_14747";0;3;0
"1_14395";0;3;0
"1_14785";0;3;0
"1_14795";0;2;0
"1_1479";0;3;0
"1_14799";0;2;0
"1_14816";0;2;0
"1_14825";0;3;0
"1_14812";0;1;0
"1_14848";0;1;0
"1_1469";0;4;0
"1_14856";0;2;0
"1_14859";0;3;0
"1_14808";0;1;0
"1_14805";0;5;0
"1_14798";0;1;0
"1_14745";0;1;0
"1_14877";0;3;0
"1_14874";0;2;0
"1_14840";0;1;5
"1_14883";0;1;0
"1_14831";1;5;46
"1_14882";0;2;0
"1_14893";0;2;0
"1_14905";0;2;0
"1_14910";0;1;0
"1_14908";0;3;0
"1_14923";0;2;0
"1_14926";0;2;0
"1_1483";0;2;0
"1_14941";0;2;0
"1_14952";0;1;0
"1_14958";0;1;0
"1_14957";1;4;34
"1_1495";0;1;0
"1_14966";0;5;0
"1_14981";0;1;0
"1_14979";0;3;0
"1_14987";1;5;29
"1_14990";0;3;15
"1_73";0;2;19
"1_14995";0;2;0
"1_15003";0;3;0
"1_1498";0;2;0
"1_15017";0;2;0
"1_15025";0;1;0
"1_1502";0;3;0
"1_15015";0;1;22
"1_15031";0;3;0
"1_15029";0;2;0
"1_15021";0;2;0
"1_15043";2;4;19
"1_15038";1;5;27
"1_14998";0;2;0
"1_15047";0;3;0
"1_15056";0;1;0
"1_15059";0;3;0
"1_15039";0;2;0
"1_15068";0;4;0
"1_1472";0;2;0
"1_15076";0;2;0
"1_15088";0;2;0
"1_15104";0;2;0
"1_14996";0;4;0
"1_15115";0;4;0
"1_15122";0;5;0
"1_15114";0;3;0
"1_15121";0;4;0
"1_15112";0;3;0
"1_15131";0;1;0
"1_15137";0;2;0
"1_1485";1;2;14
"1_15144";0;3;0
"1_2912";0;1;0
"1_15151";0;1;0
"1_15150";0;2;0
"1_1492";0;2;0
"1_15160";1;5;32
"1_11178";1;3;25
"1_15172";0;5;0
"1_15165";0;4;0
"1_15166";0;2;35
"1_15178";0;1;0
"1_15180";0;3;0
"1_14940";0;4;0
"1_1518";0;3;0
"1_15200";0;3;0
"1_15177";0;1;0
"1_15164";0;3;0
"1_15175";0;2;0
"1_15216";0;1;0
"1_15220";0;2;0
"1_15217";0;1;0
"1_15229";0;4;0
"1_15214";0;2;0
"1_15226";2;5;40
"1_15236";0;2;0
"1_1509";0;1;6
"1_15248";0;1;0
"1_15247";0;2;0
"1_15252";0;1;0
"1_15250";0;3;0
"1_15262";0;5;16
"1_15265";0;1;0
"1_15256";0;2;0
"1_15261";0;1;0
"1_15257";0;2;0
"1_15271";0;4;29
"1_15287";0;1;0
"1_15285";0;3;0
"1_15292";0;2;0
"1_15295";1;4;4
"1_1529";1;3;22
"1_15290";0;2;0
"1_15308";0;3;0
"1_1519";0;4;29
"1_15299";0;2;0
"1_15316";0;5;0
"1_15297";0;3;9
"1_15322";0;3;0
"1_15335";0;4;20
"1_15340";0;4;0
"1_15332";1;4;7
"1_15345";0;1;0
"1_1526";0;2;24
"1_15304";0;4;0
"1_15343";0;2;0
"1_15352";0;2;0
"1_1535";0;3;0
"1_15367";0;3;0
"1_15372";0;5;8
"1_15369";0;2;0
"1_15365";0;1;0
"1_15381";0;1;0
"1_15362";0;2;0
"1_1515";0;3;0
"1_15386";0;5;0
"1_15390";0;2;14
"1_15395";0;4;0
"1_15394";0;1;0
"1_15415";0;3;0
"1_15414";0;4;0
"1_15420";0;3;6
"1_15406";0;2;0
"1_1542";0;3;10
"1_15431";0;2;0
"1_15435";0;2;0
"1_15432";0;2;0
"1_15384";0;2;24
"1_15448";0;2;0
"1_15452";0;1;0
"1_15454";0;2;0
"1_15462";1;2;9
"1_15465";0;2;0
"1_15467";0;2;0
"1_15471";0;1;0
"1_15480";0;2;0
"1_15478";0;1;4
"1_15484";0;1;0
"1_15486";0;2;0
"1_15490";0;5;0
"1_15479";0;3;0
"1_15468";0;1;0
"1_1243";0;1;0
"1_15503";0;3;0
"1_15505";0;5;0
"1_15508";0;4;0
"1_15509";0;2;0
"1_15514";0;5;0
"1_15515";0;5;0
"1_15524";0;4;0
"1_15526";0;2;41
"1_15529";0;2;0
"1_15522";0;5;0
"1_15477";0;1;0
"1_15535";0;3;0
"1_15544";0;2;0
"1_15546";0;1;0
"1_1553";0;1;0
"1_15548";0;2;0
"1_15554";0;2;0
"1_15555";0;3;0
"1_15563";0;4;0
"1_1556";0;2;32
"1_15567";0;2;0
"1_15571";0;1;0
"1_15577";0;2;0
"1_967";0;3;5
"1_15576";0;2;0
"1_15573";0;4;23
"1_15582";0;5;0
"1_15585";0;2;0
"1_15589";0;1;0
"1_15596";0;2;0
"1_15557";1;2;23
"1_15600";0;4;0
"1_15607";0;1;0
"1_15610";0;4;0
"1_15614";0;3;0
"1_15613";0;3;0
"1_15611";0;4;0
"1_15612";0;4;0
"1_15616";0;4;0
"1_15618";0;1;0
"1_15632";0;1;0
"1_15637";0;3;0
"1_15635";0;2;0
"1_15640";0;2;0
"1_15643";0;1;0
"1_15642";0;1;0
"1_1564";0;3;0
"1_14216";0;2;0
"1_10008";0;4;0
"1_15676";0;1;0
"1_15680";0;3;0
"1_15683";0;3;0
"1_15688";0;1;25
"1_1568";0;3;20
"1_15691";0;3;0
"1_15700";0;1;0
"1_15690";0;1;0
"1_15709";0;4;0
"1_15701";0;3;0
"1_15712";0;3;0
"1_15720";0;3;0
"1_15718";0;4;0
"1_15708";0;2;0
"1_15729";0;5;0
"1_15733";0;1;0
"1_15726";0;2;0
"1_15740";0;3;26
"1_15745";0;5;25
"1_15744";0;4;0
"1_15755";0;2;5
"1_15741";0;2;0
"1_15762";1;4;10
"1_15761";1;5;14
"1_15767";0;4;0
"1_1575";0;5;0
"1_15769";0;1;0
"1_2915";0;1;0
"1_15801";0;1;0
"1_15800";0;1;0
"1_1541";0;2;0
"1_1579";0;3;0
"1_15845";0;3;0
"1_1585";1;2;8
"1_1589";0;2;24
"1_15898";0;5;0
"1_15910";1;5;17
"1_15904";0;2;0
"1_15913";0;2;0
"1_15907";1;4;38
"1_15921";0;3;4
"1_13997";0;1;9
"1_15928";0;1;0
"1_15929";0;2;0
"1_15940";0;2;0
"1_13776";0;1;0
"1_15949";0;3;0
"1_15953";0;2;0
"1_15954";0;5;34
"1_15958";0;3;0
"1_15955";0;1;0
"1_1573";0;3;0
"1_15968";1;2;18
"1_15972";0;2;0
"1_15899";0;5;0
"1_10212";1;1;7
"1_9304";0;2;2
"1_15979";2;4;20
"1_15987";0;1;0
"1_15991";0;5;0
"1_15982";0;3;0
"1_15995";0;2;0
"1_16009";0;1;0
"1_16003";0;2;0
"1_15990";0;1;0
"1_16026";0;2;0
"1_15532";0;4;0
"1_1601";0;2;32
"1_16035";0;1;0
"1_16039";0;1;0
"1_16042";0;2;0
"1_16046";0;4;0
"1_16049";0;3;0
"1_16051";0;2;0
"1_16057";0;1;0
"1_16061";0;1;0
"1_16064";0;2;0
"1_16069";0;1;0
"1_16074";0;1;0
"1_16079";0;1;0
"1_16085";0;2;0
"1_16094";1;3;12
"1_16093";0;5;5
"1_16100";0;4;0
"1_16102";0;2;0
"1_16106";0;1;0
"1_16107";0;2;0
"1_16099";1;4;26
"1_16091";0;5;0
"1_16120";0;1;0
"1_16124";0;3;0
"1_16116";0;1;0
"1_1612";0;1;0
"1_16126";0;5;0
"1_16133";2;3;12
"1_16137";0;4;0
"1_16147";0;2;0
"1_1611";0;2;3
"1_1610";0;2;0
"1_16144";0;1;0
"1_16167";0;3;0
"1_16181";0;2;38
"1_16191";1;3;16
"1_16192";0;5;22
"1_1619";0;2;0
"1_16198";0;3;0
"1_16196";0;3;0
"1_16212";0;1;0
"1_16211";0;1;0
"1_16217";0;3;0
"1_16225";0;2;0
"1_16207";0;1;0
"1_16197";0;5;0
"1_16195";0;2;0
"1_16232";0;3;0
"1_16236";0;3;0
"1_1622";0;1;0
"1_16227";0;1;0
"1_16222";0;3;0
"1_16224";0;1;0
"1_16228";0;1;0
"1_16251";0;5;35
"1_16250";0;5;21
"1_16253";1;5;24
"1_16258";0;2;0
"1_16271";0;4;0
"1_16272";0;2;0
"1_16284";0;3;13
"1_16287";0;1;0
"1_16289";0;3;0
"1_16156";0;5;0
"1_16300";0;1;0
"1_1629";1;3;10
"1_16319";0;3;0
"1_16316";0;2;0
"1_16321";0;1;0
"1_16343";0;1;0
"1_16313";1;3;14
"1_16327";0;3;0
"1_16199";0;3;0
"1_16353";0;3;0
"1_16357";0;2;0
"1_16354";0;2;0
"1_16351";0;3;0
"1_16372";0;5;18
"1_16384";0;1;0
"1_16385";0;1;0
"1_16388";0;2;0
"1_16383";0;3;0
"1_16398";0;3;0
"1_16389";0;5;0
"1_1638";0;2;0
"1_1637";0;1;0
"1_1635";0;1;43
"1_1640";0;3;0
"1_1651";0;3;0
"1_1655";0;2;0
"1_1604";0;2;0
"1_1663";0;2;24
"1_1659";0;2;0
"1_884";0;2;0
"1_1676";0;1;0
"1_1521";0;2;0
"1_1683";0;2;34
"1_1690";1;2;14
"1_1724";0;5;0
"1_1726";0;4;0
"1_1736";0;3;0
"1_1730";0;1;5
"1_1739";0;2;0
"1_1758";0;2;31
"1_1754";0;1;0
"1_1756";0;2;0
"1_1686";0;2;17
"1_201";0;3;0
"1_1771";0;3;0
"1_1773";0;4;0
"1_1767";0;3;0
"1_1665";0;1;20
"1_1795";0;4;0
"1_1794";0;2;0
"1_1505";0;2;0
"1_1366";0;2;0
"1_1803";0;2;27
"1_1416";0;2;0
"1_1814";0;2;0
"1_1818";0;1;0
"1_257";0;2;0
"1_1805";0;2;14
"1_1830";0;1;0
"1_1752";0;3;0
"1_1838";0;3;0
"1_1852";0;3;0
"1_1859";0;3;0
"1_1731";0;3;0
"1_1813";0;1;0
"1_10";0;3;0
"1_1874";0;3;0
"1_1870";0;3;0
"1_1869";0;2;0
"1_1884";0;3;0
"1_1836";0;3;0
"1_1866";0;1;0
"1_1822";0;1;0
"1_1892";0;4;0
"1_1896";0;2;0
"1_1899";0;2;12
"1_1911";0;3;42
"1_1853";0;3;0
"1_1920";0;3;0
"1_1927";0;1;0
"1_1901";0;2;9
"1_1917";0;1;0
"1_1944";0;3;13
"1_1943";0;3;0
"1_1951";0;1;0
"1_1960";0;1;0
"1_1965";0;2;0
"1_1958";0;2;0
"1_1968";0;3;0
"1_1975";0;3;0
"1_1977";0;1;0
"1_1981";0;2;0
"1_1982";1;3;61
"1_1980";0;3;0
"1_1989";0;3;0
"1_1988";1;3;43
"1_1923";0;1;0
"1_1994";1;3;18
"1_1999";2;4;38
"1_2011";0;1;0
"1_2022";0;3;24
"1_2024";0;2;0
"1_2025";0;2;0
"1_2028";0;2;0
"1_1955";0;2;0
"1_2039";0;3;0
"1_1367";0;2;0
"1_2049";0;2;0
"1_2068";0;5;19
"1_2076";0;3;0
"1_2074";0;2;0
"1_2079";0;1;20
"1_2075";0;2;0
"1_2091";0;3;0
"1_2065";0;3;27
"1_2089";0;3;8
"1_1056";0;4;0
"1_2104";0;2;0
"1_2093";0;2;0
"1_2105";0;4;0
"1_2112";0;3;0
"1_2116";0;2;0
"1_2122";1;4;59
"1_2124";1;2;20
"1_2137";0;2;0
"1_2157";0;3;0
"1_2135";0;1;0
"1_2156";0;2;0
"1_2172";0;2;0
"1_2133";0;2;0
"1_2176";0;2;0
"1_2171";0;2;0
"1_2181";1;4;29
"1_1909";0;2;26
"1_1484";0;3;0
"1_2218";0;3;0
"1_2212";0;1;0
"1_2220";0;4;0
"1_2223";0;2;46
"1_2229";0;2;0
"1_2236";0;1;0
"1_2235";1;1;26
"1_2239";0;3;0
"1_2180";0;1;16
"1_2241";0;5;0
"1_2246";0;2;11
"1_2250";0;2;0
"1_2254";0;3;0
"1_2231";0;3;0
"1_1681";0;2;10
"1_2259";0;1;0
"1_2269";0;1;0
"1_2272";0;2;0
"1_2262";0;1;0
"1_1245";0;2;15
"1_1648";0;3;0
"1_2281";0;2;0
"1_1964";0;2;0
"1_2286";0;1;0
"1_1995";1;4;32
"1_2267";0;1;0
"1_2295";0;3;0
"1_2275";0;1;0
"1_2305";0;1;0
"1_2298";0;2;0
"1_2302";0;2;0
"1_2317";0;2;0
"1_2320";0;2;0
"1_2328";0;3;0
"1_2335";0;1;0
"1_2336";0;2;0
"1_2343";0;3;0
"1_2348";0;2;0
"1_2084";1;2;34
"1_2362";0;1;0
"1_2366";0;3;0
"1_2367";0;4;0
"1_2373";0;2;14
"1_2378";0;1;0
"1_2375";0;4;0
"1_1987";0;3;48
"1_2240";0;2;0
"1_2132";0;3;0
"1_2374";0;3;18
"1_2396";0;2;0
"1_2395";0;1;0
"1_1510";1;3;46
"1_2391";0;1;0
"1_2327";0;3;0
"1_2410";0;2;38
"1_2414";0;2;0
"1_2418";0;2;0
"1_2427";0;4;0
"1_2323";0;1;0
"1_2442";0;5;0
"1_2324";0;4;0
"1_2449";0;2;0
"1_2458";0;2;0
"1_2463";1;4;50
"1_2461";0;3;0
"1_2462";0;2;0
"1_2452";0;3;0
"1_1491";0;1;0
"1_2485";0;2;0
"1_2483";0;1;0
"1_2484";0;2;13
"1_2480";0;2;0
"1_2489";1;3;30
"1_1115";0;1;0
"1_2499";0;3;0
"1_2498";0;1;0
"1_2507";0;1;0
"1_2174";0;3;0
"1_2527";0;2;0
"1_2528";0;1;0
"1_2541";0;1;0
"1_2536";0;3;0
"1_2549";0;3;0
"1_935";0;4;0
"1_2554";0;2;0
"1_2555";0;3;21
"1_2134";0;1;0
"1_2567";0;3;0
"1_2509";0;1;0
"1_2574";1;4;23
"1_2580";0;3;0
"1_2584";0;3;0
"1_2565";0;1;0
"1_2592";0;4;0
"1_1338";0;4;0
"1_2595";0;4;0
"1_2607";0;3;0
"1_2447";0;3;0
"1_2618";0;4;0
"1_2629";0;2;0
"1_2616";0;1;0
"1_2606";0;2;0
"1_2609";0;2;0
"1_2634";0;3;0
"1_2591";0;2;0
"1_2645";0;2;0
"1_2650";0;1;0
"1_2653";0;1;0
"1_2633";0;2;0
"1_2665";0;1;0
"1_2381";0;2;18
"1_2670";0;1;0
"1_2675";0;1;11
"1_2684";0;1;0
"1_2690";0;1;0
"1_2695";0;1;6
"1_2705";0;2;0
"1_2704";0;2;0
"1_2716";1;1;44
"1_2719";0;1;0
"1_2724";0;2;0
"1_2728";0;2;0
"1_2721";0;2;0
"1_2293";0;2;39
"1_905";1;3;24
"1_2732";0;2;0
"1_2738";0;1;0
"1_2658";1;2;22
"1_2753";0;2;27
"1_2713";0;3;0
"1_2758";0;2;22
"1_2756";0;4;12
"1_2767";0;3;0
"1_2067";0;2;13
"1_1171";0;2;14
"1_2771";0;3;0
"1_344";1;2;24
"1_2783";1;1;27
"1_1649";0;3;0
"1_2440";0;1;0
"1_2790";0;2;0
"1_2679";0;1;0
"1_2780";0;2;0
"1_2804";0;2;0
"1_2809";0;2;8
"1_2813";0;1;0
"1_2824";0;4;0
"1_2827";0;1;23
"1_2817";0;1;28
"1_2839";0;1;0
"1_2838";0;2;0
"1_2846";0;1;27
"1_2845";0;1;27
"1_2848";0;3;0
"1_2299";1;2;43
"1_2822";0;1;0
"1_2385";0;1;0
"1_2761";0;4;0
"1_2054";0;1;0
"1_2870";0;2;0
"1_2864";0;2;0
"1_2841";0;1;0
"1_2875";0;3;0
"1_2879";0;4;0
"1_2877";0;3;0
"1_2884";0;2;0
"1_2895";0;4;0
"1_2897";0;2;0
"1_2051";0;3;0
"1_2904";0;2;0
"1_2906";1;1;22
"1_2913";0;4;0
"1_2916";0;1;0
"1_2919";0;1;31
"1_2055";0;4;0
"1_2926";0;1;0
"1_2924";0;3;0
"1_1054";0;1;0
"1_2935";0;2;12
"1_2931";0;2;26
"1_2942";1;2;24
"1_2936";0;1;0
"1_2951";0;2;73
"1_2937";0;3;0
"1_2958";0;1;0
"1_2934";1;4;36
"1_2970";0;2;0
"1_2982";0;5;0
"1_2991";0;4;0
"1_2995";0;2;46
"1_2892";0;3;42
"1_2998";0;1;0
"1_3021";0;2;0
"1_2984";0;1;0
"1_2851";0;2;26
"1_3027";0;2;0
"1_837";0;4;0
"1_3025";0;2;0
"1_2976";0;2;30
"1_3043";0;1;22
"1_3052";0;1;0
"1_3060";0;3;0
"1_3063";0;3;0
"1_3066";0;3;0
"1_3049";0;1;0
"1_3064";0;3;0
"1_3090";0;3;0
"1_2868";0;4;11
"1_2564";0;3;0
"1_3097";0;3;0
"1_3108";1;3;44
"1_3110";0;3;0
"1_3119";0;4;0
"1_3127";0;2;0
"1_3095";0;1;0
"1_2911";0;1;0
"1_2681";0;2;0
"1_3132";0;3;0
"1_3118";0;2;0
"1_3138";0;2;0
"1_3051";0;2;0
"1_3147";0;3;0
"1_3142";0;2;0
"1_3158";0;2;43
"1_3166";0;1;0
"1_1833";0;4;0
"1_3169";0;4;0
"1_3177";0;4;0
"1_3179";0;2;0
"1_3171";2;4;30
"1_3164";1;3;41
"1_3188";0;2;0
"1_3192";0;2;0
"1_3200";0;3;0
"1_3201";0;1;0
"1_3205";0;3;0
"1_3207";0;2;0
"1_3173";0;2;0
"1_3211";0;3;0
"1_3214";0;1;0
"1_3227";0;3;0
"1_3223";0;4;26
"1_3247";0;4;0
"1_3252";0;2;0
"1_3258";0;1;0
"1_3262";0;3;0
"1_3266";0;2;0
"1_2292";0;2;0
"1_3270";0;3;0
"1_2692";0;1;0
"1_3281";0;2;0
"1_3279";0;2;6
"1_3290";0;4;0
"1_3299";0;1;0
"1_3296";0;4;0
"1_2683";0;3;0
"1_3304";0;3;0
"1_3315";0;3;0
"1_3134";0;3;0
"1_3333";0;1;0
"1_3325";1;2;29
"1_3347";0;4;0
"1_1928";0;2;0
"1_3369";0;3;0
"1_3344";1;4;37
"1_3346";0;3;0
"1_3374";0;3;0
"1_1403";0;2;0
"1_3379";0;4;0
"1_2393";0;3;0
"1_3388";0;3;0
"1_3393";0;4;0
"1_3399";0;4;36
"1_3404";0;3;0
"1_3402";0;2;0
"1_3408";2;3;24
"1_3407";0;3;0
"1_3403";0;1;0
"1_3401";0;2;0
"1_3020";0;5;0
"1_3409";0;3;0
"1_2420";0;1;0
"1_3420";0;1;0
"1_3422";0;2;0
"1_2208";0;1;0
"1_3427";0;3;0
"1_3225";0;1;0
"1_3439";0;2;14
"1_3436";0;3;0
"1_3442";0;2;0
"1_3445";0;3;0
"1_3456";0;3;0
"1_3455";0;5;0
"1_3460";0;3;0
"1_3465";1;3;29
"1_3470";0;3;0
"1_3476";0;3;0
"1_3482";1;4;8
"1_3487";0;4;0
"1_3479";0;3;0
"1_3493";0;3;0
"1_3485";0;1;0
"1_3501";0;4;0
"1_3504";0;1;0
"1_3509";0;1;0
"1_3515";0;3;0
"1_3513";0;2;0
"1_3519";0;3;0
"1_3521";0;4;0
"1_3525";0;1;0
"1_3514";0;5;26
"1_1305";0;2;0
"1_3530";0;3;0
"1_5";3;5;12
"1_3533";0;2;0
"1_3536";0;3;0
"1_1680";1;2;13
"1_3545";0;3;0
"1_3548";0;4;0
"1_3549";0;4;0
"1_3547";0;4;0
"1_3544";0;3;19
"1_3561";0;3;0
"1_3562";0;5;0
"1_729";0;2;0
"1_3581";0;3;42
"1_798";0;1;0
"1_3587";0;2;0
"1_3100";0;2;0
"1_3593";0;2;0
"1_3602";0;2;29
"1_3590";0;1;0
"1_3598";0;1;13
"1_3610";0;2;0
"1_3614";0;3;24
"1_3618";0;2;23
"1_3622";0;2;0
"1_3616";0;3;0
"1_3605";1;3;21
"1_3491";0;1;0
"1_2883";1;4;16
"1_3186";0;2;4
"1_3638";0;2;0
"1_3356";0;4;0
"1_3650";0;3;0
"1_3657";0;1;0
"1_3662";0;2;0
"1_3585";0;2;0
"1_3652";0;2;0
"1_3664";0;2;0
"1_3681";0;2;0
"1_3678";0;5;0
"1_3682";0;3;0
"1_3686";0;3;0
"1_3647";0;5;33
"1_3697";1;1;18
"1_3703";0;1;16
"1_3566";0;1;41
"1_3702";0;1;0
"1_3713";0;1;21
"1_3722";0;2;0
"1_3721";1;2;13
"1_3720";0;3;0
"1_3711";0;2;0
"1_3718";0;3;0
"1_3739";0;1;0
"1_3746";0;5;0
"1_3758";0;1;0
"1_3734";1;2;28
"1_3763";0;2;0
"1_3771";0;1;19
"1_3770";0;2;0
"1_3768";0;4;0
"1_3781";0;1;0
"1_3635";0;1;0
"1_3778";0;1;0
"1_3764";0;3;24
"1_3767";0;2;22
"1_3769";1;4;30
"1_3793";0;3;0
"1_3789";0;2;13
"1_3800";0;2;0
"1_3801";0;2;0
"1_3807";0;3;0
"1_3798";0;1;28
"1_3780";0;1;29
"1_2750";0;1;14
"1_3819";0;2;0
"1_3833";0;1;0
"1_3806";0;4;0
"1_3839";0;2;16
"1_3755";0;2;28
"1_3847";0;3;0
"1_3836";0;1;0
"1_3851";0;1;0
"1_3852";0;1;16
"1_3855";0;2;0
"1_3864";0;3;0
"1_3861";0;2;0
"1_3871";0;3;24
"1_3813";0;1;13
"1_3873";0;1;0
"1_3883";0;1;0
"1_3892";0;1;0
"1_3888";0;3;0
"1_3895";0;3;0
"1_3901";0;2;0
"1_3909";0;2;0
"1_3907";0;3;0
"1_3241";0;3;0
"1_3914";0;1;0
"1_3920";0;1;0
"1_3918";0;1;0
"1_328";0;3;0
"1_182";0;3;0
"1_421";0;1;0
"1_424";0;2;0
"1_147";0;3;15
"1_450";0;5;0
"1_452";0;2;0
"1_410";0;3;0
"1_406";0;3;0
"1_345";1;4;21
"1_457";0;2;0
"1_470";0;5;20
"1_477";0;3;0
"1_303";0;3;0
"1_475";0;3;0
"1_476";0;2;24
"1_481";0;3;21
"1_4925";0;3;0
"1_4929";0;2;0
"1_4935";0;3;41
"1_4936";0;3;20
"1_3889";0;4;0
"1_4942";0;1;0
"1_4946";0;2;0
"1_2699";0;2;0
"1_3915";0;1;0
"1_2977";0;4;0
"1_4962";0;3;7
"1_4971";0;3;25
"1_4967";0;2;0
"1_4968";0;2;0
"1_4984";0;3;0
"1_4982";1;4;17
"1_4995";0;1;0
"1_3478";0;2;12
"1_4992";0;2;0
"1_4999";0;4;0
"1_5007";0;1;0
"1_4965";0;3;0
"1_5018";0;2;25
"1_5004";0;3;0
"1_5021";0;2;0
"1_5027";0;4;18
"1_5026";1;3;24
"1_5028";0;4;0
"1_5037";0;3;0
"1_5042";0;2;0
"1_5051";0;2;0
"1_5034";0;2;0
"1_5036";0;1;0
"1_485";0;2;0
"1_5059";0;3;26
"1_5056";0;1;0
"1_5043";1;3;21
"1_3280";0;3;0
"1_5074";0;2;0
"1_932";0;1;0
"1_5081";0;1;0
"1_5077";2;2;30
"1_373";0;1;0
"1_5088";0;3;0
"1_3030";0;2;52
"1_5090";2;4;35
"1_5087";0;3;27
"1_5097";0;1;36
"1_5105";0;1;0
"1_5107";0;1;0
"1_5108";0;1;0
"1_5104";0;2;0
"1_5117";0;1;31
"1_5115";0;1;0
"1_5119";0;2;0
"1_5127";0;3;0
"1_429";0;1;0
"1_5124";0;1;30
"1_5128";0;2;0
"1_5138";0;1;0
"1_5144";0;1;31
"1_514";0;3;0
"1_5148";0;3;0
"1_5152";0;1;0
"1_5156";0;3;0
"1_5157";0;1;0
"1_5155";0;2;0
"1_3165";1;2;35
"1_5164";0;2;0
"1_5162";0;5;0
"1_517";0;2;0
"1_5178";0;2;23
"1_3564";1;3;25
"1_5186";1;2;20
"1_5188";0;2;20
"1_5191";0;3;0
"1_5194";0;2;33
"1_5197";0;2;17
"1_5206";0;2;0
"1_5203";0;2;0
"1_5202";0;1;6
"1_166";0;1;31
"1_5205";0;1;0
"1_5204";0;1;0
"1_5222";1;3;37
"1_5219";0;1;22
"1_522";0;2;24
"1_1058";0;2;0
"1_5234";0;1;0
"1_5237";0;3;0
"1_5241";0;1;0
"1_5244";0;3;0
"1_5217";0;1;0
"1_5249";0;3;0
"1_5210";0;1;12
"1_5248";0;5;0
"1_5255";0;3;21
"1_5262";0;3;0
"1_5268";0;3;0
"1_5273";0;3;0
"1_5274";0;2;0
"1_5267";0;1;0
"1_5278";0;1;0
"1_5263";0;3;23
"1_5289";0;4;0
"1_5277";0;2;0
"1_5288";0;3;0
"1_5291";0;2;40
"1_5297";0;1;0
"1_5304";0;1;0
"1_5306";0;2;22
"1_5298";0;3;0
"1_5311";0;1;0
"1_5314";0;1;0
"1_5315";0;4;0
"1_5322";1;2;26
"1_532";0;2;0
"1_5331";0;2;0
"1_2698";0;3;0
"1_5352";0;2;0
"1_3659";0;1;0
"1_5359";0;3;16
"1_5361";0;2;40
"1_5029";0;2;0
"1_5372";0;5;0
"1_5376";0;2;0
"1_5360";1;2;17
"1_5384";0;2;0
"1_5383";0;4;0
"1_3451";1;2;53
"1_5392";0;3;0
"1_5396";0;1;13
"1_5395";0;2;19
"1_5402";0;2;50
"1_5405";0;4;0
"1_5403";0;3;0
"1_537";1;2;21
"1_5409";0;2;0
"1_5380";0;2;0
"1_5413";0;2;0
"1_5416";0;3;0
"1_5421";1;3;30
"1_5419";0;3;0
"1_5427";0;2;0
"1_4926";0;3;0
"1_5436";0;1;0
"1_5438";0;1;0
"1_543";0;3;12
"1_5435";0;1;22
"1_5442";0;1;0
"1_5441";0;2;12
"1_5451";0;4;0
"1_5458";0;1;15
"1_5449";0;1;0
"1_5457";0;3;0
"1_5466";0;3;0
"1_5471";0;1;0
"1_5474";0;1;0
"1_5477";0;1;0
"1_5480";0;4;0
"1_5484";0;3;0
"1_5489";0;4;0
"1_5488";0;3;0
"1_5491";0;1;0
"1_5499";0;4;0
"1_5505";0;1;0
"1_5507";0;1;0
"1_5512";0;2;0
"1_551";1;4;33
"1_5522";0;2;0
"1_5529";0;2;0
"1_5536";0;2;0
"1_5528";1;2;63
"1_5537";0;3;0
"1_5531";0;1;25
"1_5543";0;2;0
"1_5557";0;3;0
"1_5560";0;3;0
"1_5564";0;2;0
"1_5558";0;3;0
"1_5569";0;4;0
"1_5571";0;2;0
"1_5578";0;2;0
"1_5576";0;2;0
"1_5554";0;4;28
"1_5590";0;4;0
"1_5550";0;2;34
"1_5604";0;4;0
"1_5605";0;1;0
"1_5608";0;2;0
"1_5610";0;2;0
"1_5613";0;2;0
"1_549";0;2;0
"1_5612";0;2;0
"1_5623";0;3;0
"1_5615";0;3;0
"1_559";0;2;0
"1_5632";0;3;0
"1_5642";0;3;0
"1_5647";0;1;0
"1_5649";0;3;0
"1_5646";0;1;0
"1_554";0;1;0
"1_5621";0;1;0
"1_5664";0;1;0
"1_5656";0;2;0
"1_5675";0;2;0
"1_2688";0;3;45
"1_5691";0;2;0
"1_5693";0;2;0
"1_5697";0;1;0
"1_5699";0;3;0
"1_5684";0;3;0
"1_561";0;2;0
"1_5706";0;1;0
"1_5342";0;4;28
"1_5716";0;2;0
"1_550";0;2;0
"1_5720";0;3;0
"1_5620";0;2;23
"1_5740";0;1;0
"1_5635";0;2;0
"1_574";0;1;0
"1_5751";0;2;0
"1_5748";0;3;11
"1_5755";0;2;0
"1_5749";0;1;0
"1_5762";0;2;0
"1_5782";0;2;0
"1_576";0;3;0
"1_570";0;4;27
"1_109";0;4;0
"1_594";0;4;13
"1_598";0;3;0
"1_618";0;2;0
"1_617";0;2;0
"1_624";0;2;0
"1_619";0;4;0
"1_604";1;2;28
"1_447";0;3;15
"1_126";0;2;0
"1_567";0;1;0
"1_642";0;2;0
"1_653";1;4;25
"1_651";0;2;0
"1_669";0;3;0
"1_5792";0;2;0
"1_6813";0;3;0
"1_6816";0;1;0
"1_6820";0;2;0
"1_6804";0;4;0
"1_6827";0;2;0
"1_6836";0;2;0
"1_6834";0;1;0
"1_6843";0;1;0
"1_684";0;4;40
"1_6846";0;2;0
"1_6860";0;1;0
"1_6863";0;4;0
"1_6864";0;2;0
"1_671";0;2;0
"1_6865";0;1;0
"1_6871";0;4;0
"1_6877";0;1;0
"1_6884";0;2;0
"1_6886";0;1;0
"1_6885";0;3;0
"1_6891";0;2;0
"1_6896";0;2;0
"1_6892";0;2;0
"1_6861";0;2;0
"1_2874";0;3;0
"1_6919";0;4;0
"1_6923";0;2;0
"1_6933";1;3;23
"1_6939";0;2;0
"1_6900";0;3;0
"1_6937";0;1;0
"1_6949";0;2;0
"1_5598";0;1;0
"1_6950";0;1;0
"1_686";0;2;0
"1_6794";0;1;0
"1_695";0;4;0
"1_5535";0;3;26
"1_832";0;1;9
"1_6969";0;1;24
"1_6978";0;2;0
"1_6990";0;2;0
"1_6994";0;2;0
"1_7005";0;1;0
"1_7006";0;5;0
"1_680";0;2;0
"1_7011";0;3;0
"1_7016";0;2;0
"1_7023";0;3;26
"1_699";2;3;31
"1_7028";0;3;0
"1_700";0;1;0
"1_7046";0;2;0
"1_7053";0;3;0
"1_7051";0;3;0
"1_7063";0;1;0
"1_7071";0;2;0
"1_7076";0;1;0
"1_7087";0;3;0
"1_7085";0;1;0
"1_709";0;2;0
"1_7075";0;3;38
"1_7103";0;3;0
"1_7115";0;2;0
"1_7118";0;1;0
"1_7124";0;2;0
"1_623";0;4;0
"1_7132";0;2;0
"1_7128";0;3;0
"1_7139";0;2;0
"1_7146";0;2;0
"1_7148";0;1;0
"1_117";1;2;19
"1_7079";0;2;0
"1_7105";0;3;0
"1_7156";0;1;0
"1_712";2;2;51
"1_7163";0;2;0
"1_7170";0;2;0
"1_7175";0;2;0
"1_7179";0;3;0
"1_7184";0;1;0
"1_7185";0;1;0
"1_7190";0;1;0
"1_7191";0;2;0
"1_3704";0;2;0
"1_7205";0;2;0
"1_7211";0;2;20
"1_7215";0;1;0
"1_7219";0;1;0
"1_7221";0;2;0
"1_7207";0;3;0
"1_7226";0;3;0
"1_7234";0;1;0
"1_7199";0;5;0
"1_656";0;2;0
"1_7237";0;1;40
"1_7242";0;2;0
"1_7245";0;3;0
"1_720";0;1;0
"1_7249";0;1;0
"1_7253";0;1;0
"1_7252";0;3;0
"1_677";0;3;0
"1_7269";0;1;0
"1_2776";0;1;0
"1_7267";4;5;18
"1_7279";0;3;0
"1_7281";0;1;0
"1_7292";0;1;0
"1_7290";1;3;34
"1_7299";0;2;0
"1_7304";0;1;0
"1_7310";0;1;0
"1_7312";0;1;0
"1_7322";0;1;0
"1_7294";0;2;0
"1_733";0;3;0
"1_7341";0;3;0
"1_7337";0;2;0
"1_731";0;2;0
"1_7352";0;1;0
"1_732";0;4;0
"1_2843";0;1;0
"1_7377";0;1;0
"1_7379";0;3;0
"1_7378";0;3;0
"1_7387";0;1;0
"1_738";0;2;0
"1_7393";0;2;0
"1_7401";0;1;0
"1_7404";0;1;0
"1_7400";0;5;0
"1_740";0;3;22
"1_7412";0;1;0
"1_7419";0;1;0
"1_7423";0;2;19
"1_7424";0;1;0
"1_728";0;3;27
"1_7429";0;4;0
"1_7430";0;2;0
"1_7436";0;4;0
"1_7417";0;1;0
"1_7447";0;2;26
"1_7433";0;3;32
"1_7453";0;2;0
"1_7457";0;4;0
"1_7465";0;3;0
"1_7462";0;2;0
"1_7468";0;3;0
"1_714";0;2;37
"1_7472";0;5;35
"1_7477";0;3;0
"1_7460";0;2;0
"1_7480";0;2;0
"1_7483";0;3;0
"1_2077";0;3;0
"1_7494";0;1;0
"1_7496";0;2;0
"1_7505";0;1;0
"1_7504";0;1;22
"1_7492";0;3;0
"1_7521";0;1;0
"1_7538";0;5;0
"1_7541";0;2;0
"1_7517";0;2;0
"1_7557";0;1;0
"1_7559";0;3;0
"1_7522";0;4;0
"1_7569";0;2;0
"1_7576";0;1;0
"1_753";0;5;0
"1_757";0;1;0
"1_7582";1;4;26
"1_755";1;2;20
"1_7592";0;2;0
"1_7600";1;4;29
"1_7593";0;1;0
"1_7609";0;4;0
"1_7616";0;3;0
"1_7629";0;1;0
"1_7647";0;3;0
"1_7646";0;2;22
"1_762";0;3;0
"1_7659";0;3;0
"1_7633";0;5;0
"1_7664";0;2;22
"1_7667";0;3;0
"1_7669";0;2;0
"1_7670";0;3;0
"1_7682";2;5;13
"1_7686";0;3;0
"1_287";2;4;37
"1_7685";0;2;0
"1_7694";0;3;0
"1_7693";0;2;0
"1_7697";0;2;0
"1_7368";0;1;0
"1_768";0;4;0
"1_7703";0;1;0
"1_7706";0;3;7
"1_756";0;1;0
"1_754";0;2;31
"1_7718";0;3;0
"1_7723";0;1;0
"1_763";0;2;0
"1_7732";0;1;0
"1_7734";0;2;32
"1_7739";0;3;0
"1_7742";0;1;0
"1_7741";0;1;0
"1_7731";0;3;0
"1_7753";0;2;0
"1_7758";0;2;0
"1_7680";0;4;0
"1_5145";1;4;24
"1_5271";1;2;15
"1_7047";0;3;0
"1_7762";0;3;16
"1_775";0;5;0
"1_3048";0;2;0
"1_1937";0;2;0
"1_7785";0;3;0
"1_7787";0;1;0
"1_7553";0;1;0
"1_7789";0;1;0
"1_7780";0;2;46
"1_4987";0;4;0
"1_3814";0;5;0
"1_2505";0;3;0
"1_6916";0;2;0
"1_7437";0;2;0
"1_7777";0;4;0
"1_7800";0;4;0
"1_7829";0;4;0
"1_781";0;2;0
"1_7843";0;2;0
"1_7840";2;5;23
"1_7849";0;4;0
"1_7856";0;2;0
"1_785";0;2;0
"1_7854";0;5;0
"1_7866";0;1;0
"1_7870";0;3;0
"1_7862";0;4;0
"1_7875";0;2;0
"1_7878";0;3;0
"1_7881";0;2;0
"1_7885";0;2;0
"1_7869";1;4;17
"1_7887";0;5;0
"1_7894";0;2;0
"1_7895";0;3;0
"1_789";0;3;0
"1_7899";0;1;0
"1_7903";0;5;12
"1_7905";0;2;23
"1_7909";0;1;0
"1_7916";0;4;0
"1_761";0;1;0
"1_7913";0;5;0
"1_7919";0;5;0
"1_7924";0;3;0
"1_7932";0;3;0
"1_794";0;5;0
"1_7950";0;2;0
"1_7948";0;4;0
"1_788";0;2;0
"1_7967";1;4;20
"1_7980";0;3;0
"1_7981";0;2;0
"1_797";0;1;26
"1_8016";0;2;0
"1_8021";0;3;0
"1_8024";0;3;0
"1_8026";0;1;0
"1_8028";0;4;0
"1_7716";0;2;0
"1_2909";0;1;0
"1_8040";0;3;0
"1_8043";0;1;0
"1_8048";0;3;0
"1_801";0;3;0
"1_8063";0;3;29
"1_8066";0;2;0
"1_8055";1;5;19
"1_7627";0;3;0
"1_7654";0;2;0
"1_2885";0;2;0
"1_8072";1;2;19
"1_8076";0;2;0
"1_8081";0;1;0
"1_8089";0;1;0
"1_8091";0;2;0
"1_8094";0;2;0
"1_8098";0;3;0
"1_8099";0;5;0
"1_8113";0;1;0
"1_8128";0;2;0
"1_8127";0;2;0
"1_8115";0;3;0
"1_8133";0;1;0
"1_8139";0;3;10
"1_2422";0;3;14
"1_6926";0;2;0
"1_5125";1;2;11
"1_7748";0;1;0
"1_8141";0;1;0
"1_8153";0;3;30
"1_8160";0;3;0
"1_8140";0;2;0
"1_8172";2;2;36
"1_782";0;4;0
"1_8181";0;3;0
"1_8180";0;2;27
"1_809";0;1;0
"1_8182";0;2;0
"1_8195";0;1;0
"1_8197";0;2;0
"1_8202";0;2;0
"1_8206";0;2;0
"1_8210";0;1;0
"1_8204";0;4;0
"1_8200";0;3;0
"1_8223";0;2;0
"1_8226";0;1;0
"1_821";0;2;0
"1_8231";0;1;0
"1_8235";0;1;0
"1_8236";1;3;49
"1_8207";0;1;0
"1_8264";0;1;0
"1_8247";0;5;0
"1_8272";0;3;0
"1_824";0;4;0
"1_8279";0;2;0
"1_8262";0;1;0
"1_7418";0;1;0
"1_8257";0;2;0
"1_8285";1;2;13
"1_8289";0;2;20
"1_8261";0;3;30
"1_8295";0;2;0
"1_7691";0;3;34
"1_8303";0;2;0
"1_8317";0;2;0
"1_8305";0;2;0
"1_8328";0;1;0
"1_8331";0;4;0
"1_8341";0;3;0
"1_8334";0;1;0
"1_8318";0;3;0
"1_8332";0;4;0
"1_8343";0;4;0
"1_8286";0;3;0
"1_8329";0;1;0
"1_8360";0;2;0
"1_8244";0;3;0
"1_8355";0;3;0
"1_8368";0;3;0
"1_8358";0;3;0
"1_8379";0;4;0
"1_8378";0;2;0
"1_8371";0;4;0
"1_8386";0;4;0
"1_8389";0;5;0
"1_8396";0;3;0
"1_8398";0;2;0
"1_8395";0;2;0
"1_8401";0;1;0
"1_8404";0;3;0
"1_8422";0;4;0
"1_8426";0;2;0
"1_324";0;2;0
"1_8432";0;3;15
"1_8433";0;3;0
"1_8392";0;1;0
"1_8437";0;2;0
"1_8439";0;3;0
"1_8297";0;3;0
"1_8449";0;2;10
"1_8448";0;5;0
"1_8454";0;3;0
"1_8461";0;1;0
"1_8463";0;1;0
"1_7019";0;3;0
"1_8469";1;2;26
"1_8473";0;2;0
"1_842";0;4;0
"1_8477";0;2;0
"1_8489";0;2;0
"1_849";0;2;0
"1_8500";0;2;0
"1_8501";0;3;0
"1_839";0;2;0
"1_8513";1;2;19
"1_8511";0;1;0
"1_8518";0;1;0
"1_847";0;2;16
"1_8533";0;3;0
"1_8531";0;4;0
"1_8529";0;2;0
"1_8504";0;1;9
"1_7556";0;2;0
"1_8537";0;2;0
"1_8556";0;1;7
"1_8545";0;3;0
"1_7435";0;3;0
"1_8574";0;3;0
"1_8580";0;2;0
"1_8566";0;2;0
"1_8601";0;2;0
"1_8593";1;4;26
"1_8590";0;1;0
"1_8614";0;2;0
"1_8612";0;4;0
"1_681";2;5;29
"1_8624";0;2;33
"1_8633";0;1;0
"1_8630";1;5;27
"1_8611";0;2;0
"1_8641";0;2;0
"1_8640";0;3;0
"1_855";0;3;0
"1_8649";0;3;52
"1_8651";0;1;0
"1_8646";0;1;15
"1_8618";0;3;0
"1_8659";0;3;19
"1_8660";0;3;0
"1_239";0;5;0
"1_866";0;2;0
"1_8667";0;4;0
"1_8672";0;2;22
"1_156";0;4;44
"1_8684";0;1;21
"1_8682";0;3;0
"1_8685";0;1;8
"1_8302";0;5;0
"1_2031";0;1;0
"1_6936";0;2;0
"1_8700";0;1;0
"1_8704";0;3;0
"1_8708";0;1;0
"1_8707";0;2;0
"1_8680";0;2;0
"1_8711";0;1;0
"1_8719";0;1;9
"1_8728";0;1;0
"1_8731";0;3;0
"1_5137";0;1;0
"1_8743";0;4;0
"1_8750";0;4;0
"1_8756";0;1;0
"1_8748";0;3;0
"1_836";0;3;42
"1_8759";0;3;0
"1_8769";0;3;0
"1_8782";0;1;8
"1_8788";0;1;0
"1_8784";0;5;0
"1_8793";2;5;31
"1_8799";0;2;0
"1_8808";0;2;0
"1_8813";0;2;0
"1_8812";0;3;0
"1_8817";0;3;0
"1_8798";0;1;0
"1_8816";0;1;42
"1_3012";0;2;0
"1_8837";0;3;0
"1_8835";0;5;0
"1_7010";0;2;0
"1_879";0;1;0
"1_8851";0;5;0
"1_8857";0;1;0
"1_8862";0;2;0
"1_8864";0;4;0
"1_8860";0;5;0
"1_8871";0;3;0
"1_883";0;3;0
"1_8875";0;3;0
"1_889";0;1;0
"1_8894";0;2;0
"1_8901";0;2;0
"1_8908";0;3;0
"1_8895";0;1;0
"1_8921";0;5;0
"1_8942";0;2;0
"1_8947";0;1;0
"1_894";0;2;0
"1_8950";0;2;0
"1_8953";0;4;0
"1_8952";0;2;0
"1_1799";0;1;0
"1_8967";0;5;0
"1_8966";0;3;0
"1_8960";0;3;0
"1_8977";0;2;0
"1_8982";0;2;47
"1_8979";0;4;0
"1_8985";0;1;0
"1_9003";0;1;0
"1_8994";0;5;0
"1_5597";0;3;0
"1_9012";0;2;0
"1_9018";0;3;0
"1_9024";0;4;0
"1_9007";0;2;0
"1_9027";0;1;0
"1_9035";0;4;0
"1_9036";0;2;0
"1_9017";0;2;0
"1_9032";0;3;0
"1_9045";0;2;0
"1_9047";0;1;0
"1_9049";0;1;0
"1_9061";0;3;0
"1_9060";0;2;0
"1_9063";0;3;0
"1_904";1;3;31
"1_9068";0;3;0
"1_9071";0;5;0
"1_9076";0;3;0
"1_9084";0;2;0
"1_906";0;3;27
"1_9093";0;2;0
"1_9091";0;1;0
"1_9095";2;3;39
"1_9085";0;3;0
"1_9110";0;1;0
"1_9111";0;5;0
"1_9119";0;2;0
"1_9120";0;3;0
"1_9126";0;2;0
"1_7302";0;4;0
"1_9134";0;3;46
"1_9144";0;1;0
"1_8745";0;5;29
"1_9154";0;2;0
"1_9156";0;2;0
"1_9153";0;3;0
"1_9107";0;2;0
"1_8176";0;3;0
"1_9169";0;3;0
"1_9172";0;3;0
"1_9176";0;2;35
"1_910";0;1;0
"1_9180";0;2;0
"1_9167";0;1;0
"1_9188";0;1;0
"1_9187";0;1;0
"1_9191";0;1;0
"1_9198";0;1;0
"1_1290";0;3;0
"1_9204";0;2;0
"1_9201";0;3;0
"1_9209";0;3;0
"1_8190";0;2;0
"1_902";0;3;0
"1_9219";0;3;0
"1_921";0;1;0
"1_9232";0;1;0
"1_871";0;1;0
"1_9240";0;2;0
"1_764";0;2;0
"1_9242";0;2;0
"1_9252";0;3;0
"1_9260";0;2;0
"1_9261";0;2;0
"1_9265";0;4;0
"1_9272";0;3;0
"1_9259";0;2;0
"1_9271";0;2;0
"1_9281";0;2;0
"1_9283";0;4;2
"1_9288";0;2;0
"1_9295";0;5;0
"1_9289";0;1;6
"1_9291";0;2;0
"1_9310";0;3;0
"1_9315";0;3;6
"1_9307";0;3;0
"1_9301";0;5;2
"1_9320";0;3;0
"1_9324";0;4;0
"1_8327";0;1;0
"1_9351";1;3;18
"1_9339";0;2;0
"1_9358";0;3;0
"1_9362";0;2;0
"1_9343";0;3;0
"1_9377";0;1;0
"1_9382";0;3;0
"1_937";0;1;4
"1_9389";0;2;0
"1_9398";0;2;0
"1_9399";0;4;4
"1_9412";0;4;0
"1_9419";0;4;0
"1_9406";0;3;0
"1_9422";0;2;0
"1_9437";0;3;0
"1_9431";0;2;0
"1_9438";0;3;0
"1_9464";0;1;1
"1_9425";0;3;0
"1_9467";0;1;2
"1_9386";0;4;2
"1_9415";0;1;0
"1_5076";0;5;0
"1_9477";0;2;0
"1_9482";1;2;1
"1_9434";0;2;4
"1_9490";0;3;0
"1_9492";0;1;0
"1_9500";1;3;5
"1_8560";0;2;0
"1_9506";0;1;0
"1_9517";1;3;4
"1_9512";0;2;0
"1_9496";0;3;1
"1_9521";0;2;4
"1_9524";0;1;1
"1_8425";0;3;0
"1_954";0;2;0
"1_9550";0;4;0
"1_9558";1;2;4
"1_9570";0;2;0
"1_9576";0;5;0
"1_9580";0;5;0
"1_9583";0;2;0
"1_957";1;3;3
"1_9587";0;3;0
"1_9601";0;5;1
"1_9605";0;1;0
"1_9609";0;2;0
"1_961";0;3;5
"1_9615";0;1;0
"1_9621";0;3;0
"1_8996";0;2;0
"1_960";0;1;4
"1_9647";0;2;0
"1_9650";0;3;0
"1_9654";1;2;4
"1_941";0;3;0
"1_9670";1;5;2
"1_9677";0;3;0
"1_378";0;2;0
"1_968";0;2;0
"1_8922";0;5;0
"1_9701";0;3;0
"1_9682";0;1;0
"1_9730";0;3;0
"1_9737";1;3;3
"1_971";1;4;4
"1_9739";0;2;0
"1_9736";0;3;0
"1_9745";0;3;0
"1_9712";0;2;0
"1_9689";0;3;0
"1_9758";0;5;0
"1_9765";0;2;0
"1_9766";0;1;0
"1_972";0;2;3
"1_2955";0;2;0
"1_9775";0;2;0
"1_9778";0;3;0
"1_926";0;3;0
"1_9814";0;2;2
"1_9815";0;3;4
"1_9823";0;3;0
"1_9822";0;2;0
"1_9824";0;3;0
"1_9834";0;3;0
"1_9726";0;4;1
"1_9810";0;2;0
"1_9863";0;4;0
"1_9870";0;2;0
"1_9880";0;1;0
"1_9875";0;3;0
"1_9886";0;5;0
"1_9902";0;2;0
"1_9921";0;1;3
"1_9927";0;5;3
"1_982";1;2;3
"1_9917";0;3;0
"1_9916";0;2;0
"1_9937";0;3;0
"1_9868";0;4;0
"1_9947";0;4;0
"1_9750";0;2;3
"1_9896";0;2;2
"1_9955";0;1;0
"1_9970";0;2;0
"1_9976";0;4;0
"1_1581";0;3;0
"1_7651";0;3;0
"1_9954";2;3;5
"1_9986";0;1;0
"1_9990";0;5;1
"1_9998";0;3;0
